ORIG_FID,VisSpp1,VisCov1,VisSpp2,VisCov2,VisSpp3,VisCov3,VisSpp4,VisCov4,VisSpp5,VisCov5,CovDry,CovWat,CovEpiAlg,DepToSAV,Secchi,ScAtBot,PatLen,PatWid,RkTth,RkSpp1,RkCov1,RkSpp2,RkCov2,RkSpp3,RkCov3,RkSpp4,RkCov4,RkSpp5,RkCov5,RkSpp6,RkCov6,Comments,Date,Time,Latitude,Longitude
1,Watermilfoil,0.8,,0,,0,,0,,0,,0.2,,,1,No,L (10-15m),M (5-10m),0.20,Watermilfoil,1,,0,,0,,0,,0,,0,sample 1,6/25/2008,01:58:21pm,38.23853293,-121.6767713
2,Coontail,0.1,,0,,0,,0,,0,,0.9,,,1.25,No,,,0.11,Coontail,1,,0,,0,,0,,0,,0,sample 2,6/23/2008,01:29:08pm,38.05015806,-121.6540088
3,Coontail,0.1,Egeria,0,,0,,0,,0,,0.9,,,1.25,No,,,0.06,Egeria,0.8,Coontail,0.2,,0,,0,,0,,0,,6/23/2008,01:35:24pm,38.04793735,-121.6517766
4,Sago,0.6,,0,,0,,0,,0,,0.4,,0,1.75,No,M (5-10m),M (5-10m),0.19,Sago,1,,0,,0,,0,,0,,0,,6/23/2008,07:50:19am,38.04112027,-121.6106465
5,Sago,0.4,,0,,0,,0,,0,,0.6,,0,2,No,M (5-10m),M (5-10m),0.04,Sago,1,,0,,0,,0,,0,,0,,6/23/2008,08:06:02am,38.04878996,-121.6141289
6,Sago,0.6,Algae,0,,0,,0,,0,,0.4,,0,1.75,No,M (5-10m),S (3-5m),0.16,Sago,0.95,Algae,0.05,,0,,0,,0,,0,,6/23/2008,08:13:06am,38.05194568,-121.6174239
7,Sago,0.8,Elodea,0,Egeria,0,Coontail,0,,0,,0.2,,0,1.5,No,S (3-5m),S (3-5m),0.21,Sago,0.8,Elodea,0.1,Egeria,0.05,Coontail,0.05,,0,,0,sample 1,6/23/2008,01:19:00pm,38.05414009,-121.6539343
8,Coontail,0.8,Egeria,0.2,,0,,0,,0,,,,,1.5,No,M (5-10m),S (3-5m),0.21,Egeria,1,,0,,0,,0,,0,,0,sample 3,6/23/2008,01:44:21pm,38.05803635,-121.6477576
9,Coontail,0.8,Egeria,0,Algae,0,,0,,0,,0.2,,0,2,No,L (10-15m),M (5-10m),0.21,Egeria,0.9,Algae,0.1,,0,,0,,0,,0,sample 4,6/23/2008,01:56:58pm,38.06274322,-121.6478229
10,Coontail,0.7,Egeria,0,,0,,0,,0,,0.3,,0,2,No,L (10-15m),S (3-5m),0.21,Egeria,0.95,Coontail,0.05,,0,,0,,0,,0,sample 5,6/23/2008,02:00:33pm,38.06723658,-121.6478874
11,Sago,0.9,,0,,0,,0,,0,,0.1,,0,1.5,No,L (10-15m),M (5-10m),0.21,Sago,1,,0,,0,,0,,0,,0,sample 6,6/23/2008,02:15:04pm,38.0845413,-121.6467386
12,Am_pondweed,1,,0,,0,,0,,0,,,,0,1.25,No,L (10-15m),L (10-15m),0.17,Am_pondweed,1,,0,,0,,0,,0,,0,sample 1,6/24/2008,07:32:33am,38.01845678,-121.7378112
13,Sago,0.2,Elodea,0.8,Coontail,0,,0,,0,,,,0,1,No,L (10-15m),M (5-10m),0.19,Elodea,0.85,Coontail,0.1,Sago,0.05,,0,,0,,0,sample 2,6/24/2008,07:39:22am,38.01867628,-121.7394566
14,Sago,0.6,,0,,0,,0,,0,,0.4,,,0.75,No,XL (>15m),L (10-15m),0.16,Sago,1,,0,,0,,0,,0,,0,,6/24/2008,08:36:58am,38.00926014,-121.7211711
15,Sago,0.5,,0,,0,,0,,0,,0.5,,0,1,No,XL (>15m),XL (>15m),0.00,,0,,0,,0,,0,,0,,0,,6/24/2008,08:46:09am,38.00873275,-121.7152846
16,Watermilfoil,0.6,,0,,0,,0,,0,,0.4,,0,1.25,No,XL (>15m),XL (>15m),0.11,Watermilfoil,1,,0,,0,,0,,0,,0,sample 3,6/24/2008,08:52:14am,38.00749245,-121.7125796
17,Watermilfoil,0.4,Sago,0.4,,0,,0,,0,,0.2,,0,1.25,No,XL (>15m),XL (>15m),0.02,Watermilfoil,1,,0,,0,,0,,0,,0,,6/24/2008,09:02:41am,38.007134,-121.7103937
18,Watermilfoil,0.4,Sago,0.4,,0,,0,,0,,0.2,,0,1.25,No,XL (>15m),XL (>15m),0.06,Sago,1,,0,,0,,0,,0,,0,,6/24/2008,09:06:57am,38.00824175,-121.710327
19,Watermilfoil,0.2,,0,,0,,0,,0,,0.8,,0.5,1,No,L (10-15m),L (10-15m),0.12,Watermilfoil,1,,0,,0,,0,,0,,0,,6/24/2008,09:18:28am,38.01181286,-121.7057473
20,Watermilfoil,0.8,Coontail,0,,0,,0,,0,,0.2,,0,1.5,No,XL (>15m),XL (>15m),0.12,Watermilfoil,0.9,Coontail,0.1,,0,,0,,0,,0,,6/24/2008,09:30:49am,38.01032102,-121.7043921
21,Watermilfoil,0.7,,0,,0,,0,,0,,0.3,,0.25,1,No,XL (>15m),L (10-15m),0.15,Watermilfoil,1,,0,,0,,0,,0,,0,,6/24/2008,09:37:14am,38.0100416,-121.7018703
22,Watermilfoil,0.8,,0,,0,,0,,0,,0.2,,0.5,1.25,No,XL (>15m),XL (>15m),0.18,Watermilfoil,1,,0,,0,,0,,0,,0,,6/24/2008,09:44:47am,38.0095271,-121.6980759
23,Sago,0.9,,0,,0,,0,,0,,0.1,,0,1,No,XL (>15m),L (10-15m),0.06,Sago,1,,0,,0,,0,,0,,0,sample 4,6/24/2008,11:48:01am,38.01283508,-121.6659316
24,Sago,0.2,,0,,0,,0,,0,,0.8,,0,1.25,No,XL (>15m),XL (>15m),0.00,,0,,0,,0,,0,,0,,0,,6/24/2008,12:14:48pm,38.01752565,-121.6920532
25,Sago,0.8,,0,,0,,0,,0,,0.2,,0,1.25,No,M (5-10m),M (5-10m),0.11,Sago,1,,0,,0,,0,,0,,0,,6/24/2008,12:27:06pm,38.01550593,-121.7034936
26,Sago,0.8,,0,,0,,0,,0,,0.2,,0,1,No,XL (>15m),M (5-10m),0.02,Sago,1,,0,,0,,0,,0,,0,,6/24/2008,01:18:34pm,38.02082972,-121.701078
27,Sago,0.6,,0,,0,,0,,0,,0.4,,0,1,No,M (5-10m),S (3-5m),0.06,Sago,1,,0,,0,,0,,0,,0,,6/24/2008,01:23:34pm,38.02182878,-121.6963833
28,Am_pondweed,0.9,Sago,0.1,,0,,0,,0,,,,0,1,No,M (5-10m),S (3-5m),0.16,Am_pondweed,1,,0,,0,,0,,0,,0,,6/24/2008,01:53:11pm,38.02687611,-121.6983991
29,Coontail,0.2,Sago,0.1,,0,,0,,0,,0.7,,0,1.25,No,L (10-15m),M (5-10m),0.06,Coontail,1,,0,,0,,0,,0,,0,,6/24/2008,02:01:34pm,38.0255247,-121.7023386
30,Sago,0.2,,0,,0,,0,,0,,0.8,,0,,No,,,0.22,Sago,1,,0,,0,,0,,0,,0,bagged 9:26am,6/26/2008,08:23:45am,38.06726347,-121.6822076
31,Sago,0.3,,0,,0,,0,,0,,0.7,,,,No,,,0.06,Sago,1,,0,,0,,0,,0,,0,,6/26/2008,08:36:31am,38.0701105,-121.6817435
32,Algae,0.5,Egeria,0,,0,,0,,0,,,0.5,0.5,,No,,,0.42,Egeria,0.6,Algae,0.4,,0,,0,,0,,0,bagged,6/26/2008,10:14:52am,38.11174502,-121.6151295
33,Algae,0.9,Egeria,0,Coontail,0,,0,,0,,,0.1,0.25,,No,,,0.42,Egeria,0.85,Algae,0.1,Coontail,0.05,,0,,0,,0,,6/26/2008,10:32:19am,38.11616913,-121.6216815
34,Egeria,0.3,Sago,0.2,,0,,0,,0,,0.5,,0.25,,No,,,0.42,Egeria,0.95,Tule,0.05,,0,,0,,0,,0,,6/26/2008,12:26:42pm,38.0921298,-121.7066384
35,Egeria,0.7,Coontail,0.3,,0,,0,,0,,,,0.5,,No,,,0.42,Egeria,0.9,Coontail,0.1,,0,,0,,0,,0,,6/26/2008,12:44:23pm,38.08701729,-121.711754
36,Coontail,0.2,,0,,0,,0,,0,,0.8,,0,,No,,,0.00,,0,,0,,0,,0,,0,,0,,6/25/2008,09:16:24am,38.25191829,-121.6568831
37,Watermilfoil,0.2,,0,,0,,0,,0,,0.8,,0.25,3,No,,,0.02,Watermilfoil,1,,0,,0,,0,,0,,0,,6/25/2008,11:51:18am,38.17201462,-121.6377608
38,Coontail,0.15,,0,,0,,0,,0,,1,,,4.25,No,,,0.15,Coontail,1,,0,,0,,0,,0,,0,,6/25/2008,09:36:22am,38.24557211,-121.6622379
39,Sago,0.1,Curlyleaf,0,,0,,0,,0,,0.9,,,2.5,No,,,0.04,Curlyleaf,1,,0,,0,,0,,0,,0,,6/24/2008,08:09:20am,38.03561372,-121.7820386
40,Sago,1,,0,,0,,0,,0,,,,0,,No,,,0.42,Sago,1,,0,,0,,0,,0,,0,,6/24/2008,08:34:42am,38.03565249,-121.7870262
41,Egeria,0.8,,0,,0,,0,,0,,0.2,,2.5,,No,,,0.42,Egeria,1,,0,,0,,0,,0,,0,,6/24/2008,09:41:04am,38.03751415,-121.801944
42,Sago,0.9,,0,,0,,0,,0,,0.1,,0,,No,,,0.42,Sago,1,,0,,0,,0,,0,,0,,6/24/2008,09:56:04am,38.04229929,-121.799729
43,Sago,0.8,,0,,0,,0,,0,,0.2,,0,,No,,,0.42,Sago,1,,0,,0,,0,,0,,0,,6/24/2008,10:07:22am,38.04799243,-121.8023989
44,Sago,0.6,Am_pondweed,0,,0,,0,,0,,0.4,,0,2.5,No,,,0.38,Am_pondweed,1,,0,,0,,0,,0,,0,,6/24/2008,10:24:03am,38.05399236,-121.800717
45,Sago,0.3,Algae,0,,0,,0,,0,,0.7,,0,,No,,,0.31,Sago,0.95,Algae,0.05,,0,,0,,0,,0,,6/24/2008,11:46:49am,38.05455106,-121.8075852
46,Sago,0.6,Algae,0,,0,,0,,0,,0.4,,0,2.5,No,,,0.21,Sago,0.65,Algae,0.35,,0,,0,,0,,0,,6/24/2008,12:15:56pm,38.05874706,-121.8366152
47,Coontail,0.4,,0,,0,,0,,0,,0.6,,0,,No,,,0.02,Coontail,1,,0,,0,,0,,0,,0,no sonde,6/24/2008,12:39:26pm,38.04158209,-121.8270806
48,Watermilfoil,0.5,Coontail,0,,0,,0,,0,,0.5,,0,,No,,,0.15,,0,,0,,0,,0,,0,,0,,6/24/2008,01:11:05pm,38.04249481,-121.8107699
49,Curlyleaf,0.3,Watermilfoil,0.1,,0,,0,,0,,0.6,,0,,No,,,0.11,Curlyleaf,1,,0,,0,,0,,0,,0,,6/24/2008,01:37:27pm,38.02296102,-121.7887255
50,Coontail,0.2,,0,,0,,0,,0,,0.8,,0.5,,No,,,0.20,Coontail,1,,0,,0,,0,,0,,0,,6/23/2008,09:21:41am,38.06373781,-121.5370979
51,Coontail,0.1,,0,,0,,0,,0,,0.9,,1,3,No,,,0.27,Coontail,1,,0,,0,,0,,0,,0,bagged,6/23/2008,11:24:08am,38.03432348,-121.521656
52,Egeria,0.1,Curlyleaf,0.01,,0,,0,,0,,1,,,3,No,,,0.12,Egeria,0.85,Curlyleaf,0.15,,0,,0,,0,,0,,6/23/2008,11:32:06am,38.03051581,-121.5202763
53,Egeria,0.3,Watermilfoil,0.2,,0,,0,,0,,0.5,,0.5,2,Yes,,,0.42,Egeria,0.35,Watermilfoil,0.65,,0,,0,,0,,0,bagged,6/23/2008,01:10:57pm,38.10927699,-121.5725604
54,Egeria,0.9,,0,,0,,0,,0,,0.1,0.8,0.5,3.75,Yes,,,0.29,Egeria,1,,0,,0,,0,,0,,0,,6/23/2008,01:33:30pm,38.1227682,-121.585162
55,Sago,0.9,,0,,0,,0,,0,,,,0,,No,,,0.42,Sago,1,,0,,0,,0,,0,,0,rake bagged,6/23/2008,02:31:18pm,38.10602017,-121.603823
56,Egeria,0.1,,0,,0,,0,,0,,1,,,2.5,No,,,0.10,Egeria,1,,0,,0,,0,,0,,0,,6/23/2008,08:03:47am,38.06602492,-121.5766567
57,Curlyleaf,0.1,Watermilfoil,0.1,,0,,0,,0,,0.8,,0.5,,No,,,0.01,,0,,0,,0,,0,,0,,0,,6/23/2008,12:57:43pm,38.09848537,-121.5659632
58,Egeria,0.8,Coontail,0.1,Curlyleaf,0.1,,0,,0,,,,0.5,,No,,,0.34,Coontail,1,,0,,0,,0,,0,,0,,6/26/2008,07:22:39am,38.05125546,-121.4189333
59,Egeria,0.5,Algae,0.3,Coontail,0.1,Watermilfoil,0.1,,0,,,,0.5,,No,,,0.34,Watermilfoil,0.3,Coontail,0.3,Curlyleaf,0.3,Egeria,0.1,,0,,0,,6/26/2008,07:34:25am,38.04737092,-121.4197022
60,Egeria,0.8,Cabomba,0.2,Watermilfoil,0,Algae,0,,0,,,,0.25,,No,,,0.42,Egeria,0.95,Algae,0.05,,0,,0,,0,,0,,6/26/2008,08:19:16am,38.04401355,-121.4443484
61,Egeria,0.6,Algae,0.3,Algae,0.1,,0,,0,,,,0.5,,No,,,0.42,Egeria,0.95,Algae,0.05,,0,,0,,0,,0,,6/26/2008,08:32:07am,38.04416168,-121.4475425
62,Egeria,1,Algae,0,,0,,0,,0,,,0.2,2.25,,No,,,0.42,Egeria,0.95,Algae,0.05,,0,,0,,0,,0,,6/26/2008,08:48:00am,38.05008214,-121.4508842
63,Egeria,0.9,Coontail,0.1,,0,,0,,0,,,,0.25,,No,,,0.42,Coontail,0.95,Egeria,0.05,,0,,0,,0,,0,,6/26/2008,09:01:35am,38.05125964,-121.4537063
64,Egeria,0.8,Algae,0.2,Curlyleaf,0,Cabomba,0,,0,,,,2,,No,,,0.42,Egeria,0.9,Algae,0.1,,0,,0,,0,,0,,6/26/2008,09:18:33am,38.05331645,-121.4560202
65,Egeria,1,Coontail,0,Watermilfoil,0,Curlyleaf,0,,0,,,,0.5,,No,,,0.28,Egeria,0.9,Curlyleaf,0.1,,0,,0,,0,,0,,6/26/2008,09:39:34am,38.04656941,-121.4733107
66,Egeria,1,Cabomba,0,,0,,0,,0,,,,0,,No,,,0.42,Egeria,0.95,Cabomba,0.05,,0,,0,,0,,0,,6/26/2008,09:48:28am,38.04742223,-121.4756714
67,Egeria,0.9,Curlyleaf,0.1,,0,,0,,0,,,,0.25,,No,,,0.38,Egeria,1,,0,,0,,0,,0,,0,,6/26/2008,09:58:06am,38.04272551,-121.4776436
68,Egeria,1,Cabomba,0,,0,,0,,0,,,,0,,No,,,0.42,Egeria,1,Cabomba,0,,0,,0,,0,,0,,6/26/2008,10:06:13am,38.03751919,-121.4793568
69,Egeria,0.5,Algae,0.4,Coontail,0.1,Watermilfoil,0,,0,,,,0,,No,,,0.40,Egeria,0.6,Algae,0.3,Coontail,0.1,Watermilfoil,0.1,,0,,0,,6/26/2008,11:38:58am,38.05706844,-121.4585309
70,Egeria,0.6,Algae,0.4,,0,,0,,0,,,,0.2,,No,,,0.42,Egeria,0.5,Algae,0.5,,0,,0,,0,,0,,6/26/2008,11:49:12am,38.06607648,-121.4596944
71,Algae,0.4,Algae,0.4,Egeria,0.2,,0,,0,,,,,,No,,,0.34,Egeria,0.6,Algae,0.4,,0,,0,,0,,0,,6/26/2008,11:56:44am,38.07064259,-121.4608505
72,Algae,0.8,Egeria,0.2,Watermilfoil,0,,0,,0,,,,0,,No,,,0.42,Egeria,0.4,Algae,0.3,Watermilfoil,0.3,,0,,0,,0,,6/26/2008,12:15:04pm,38.07375582,-121.4672352
73,Egeria,0.5,Algae,0.5,Cabomba,0,,0,,0,,,,0,,No,,,0.42,Egeria,0.6,Algae,0.35,Cabomba,0.05,,0,,0,,0,,6/26/2008,12:23:28pm,38.07566907,-121.4692831
74,Egeria,0.6,Watermilfoil,0.4,,0,,0,,0,,,0.6,2,,No,,,0.34,Egeria,0.7,Watermilfoil,0.2,Algae,0.1,,0,,0,,0,,6/26/2008,12:51:47pm,38.08356673,-121.4718896
75,Watermilfoil,0.7,Egeria,0.2,Coontail,0.1,Algae,0,,0,,,,0,,No,,,0.17,Watermilfoil,0.75,Algae,0.25,,0,,0,,0,,0,,6/26/2008,01:01:38pm,38.08622854,-121.4761686
76,Coontail,0.7,Algae,0.2,Watermilfoil,0.1,,0,,0,,,,0,,No,,,0.42,Coontail,0.9,Algae,0.1,,0,,0,,0,,0,,6/26/2008,01:10:55pm,38.08702558,-121.4783558
77,Egeria,0.8,Algae,0.2,Watermilfoil,0,Curlyleaf,0,,0,,,,0.25,,No,,,0.42,Egeria,0.9,Algae,0.1,,0,,0,,0,,0,,6/26/2008,01:17:13pm,38.08959942,-121.4803584
78,Egeria,0.6,Algae,0.4,Coontail,0,,0,,0,,,,0,,No,,,0.42,Egeria,0.8,Coontail,0.15,Tule,0.05,,0,,0,,0,,6/26/2008,01:38:05pm,38.07086686,-121.4564807
79,Egeria,0.7,Algae,0.3,Coontail,0,,0,,0,,,,0.25,,No,,,0.42,Egeria,0.9,Coontail,0.05,Algae,0.05,,0,,0,,0,,6/26/2008,01:54:56pm,38.07623833,-121.4507274
80,Algae,0.8,Egeria,0.2,,0,,0,,0,,,,0,,No,,,0.42,Egeria,0.5,Algae,0.5,,0,,0,,0,,0,,6/26/2008,02:04:09pm,38.08253346,-121.4387106
81,Algae,0.8,Egeria,0.2,,0,,0,,0,,,,0,,No,,,0.42,Algae,0.6,Egeria,0.4,,0,,0,,0,,0,,6/26/2008,02:12:36pm,38.08465632,-121.4343664
82,Coontail,0.5,,0,,0,,0,,0,,0.5,,0,,No,,,0.22,Coontail,1,,0,,0,,0,,0,,0,,6/25/2008,08:36:01am,38.19358484,-121.5516201
83,Coontail,0.8,Egeria,0.2,Watermilfoil,0,,0,,0,,,,1,,No,,,0.17,Egeria,0.7,Coontail,0.25,Watermilfoil,0.05,,0,,0,,0,,6/25/2008,10:05:40am,38.13131935,-121.5691795
84,Coontail,0.6,,0,,0,,0,,0,,0.4,,1.5,,No,,,0.17,Coontail,1,,0,,0,,0,,0,,0,,6/25/2008,10:52:06am,38.13454842,-121.5674497
85,Egeria,0.5,Coontail,0.5,,0,,0,,0,,,,2,,No,,,0.38,Egeria,0.95,Coontail,0.05,,0,,0,,0,,0,,6/25/2008,11:00:30am,38.1368927,-121.5615595
86,Egeria,1,Coontail,0,,0,,0,,0,,,,2.5,,No,,,0.40,Egeria,1,Coontail,0,,0,,0,,0,,0,,6/25/2008,11:14:31am,38.14793347,-121.5452376
87,Egeria,1,,0,,0,,0,,0,,,,1.5,,No,,,0.40,Egeria,1,,0,,0,,0,,0,,0,,6/25/2008,11:40:43am,38.16695742,-121.5297363
88,Cabomba,0.8,Egeria,0,,0,,0,,0,,,0.2,0.5,,No,,,0.37,Egeria,0.7,Cabomba,0.3,,0,,0,,0,,0,,6/25/2008,12:20:05pm,38.22451776,-121.505805
89,Egeria,0.6,Coontail,0.3,Algae,0.1,,0,,0,,,,1.5,,No,,,0.34,Egeria,0.7,Coontail,0.3,,0,,0,,0,,0,,6/25/2008,12:40:37pm,38.23282636,-121.496108
90,Watermilfoil,0.5,Coontail,0.3,Algae,0.2,Egeria,0,,0,,,,0.5,,No,,,0.42,Coontail,0.7,Algae,0.15,Watermilfoil,0.1,Egeria,0.05,,0,,0,,6/25/2008,12:55:28pm,38.25743055,-121.4971138
91,Egeria,0.6,Watermilfoil,0.3,Cabomba,0.1,,0,,0,,,0.4,0.25,,No,,,0.42,Egeria,0.6,Cabomba,0.3,Watermilfoil,0.1,,0,,0,,0,,6/25/2008,01:58:51pm,38.26508889,-121.4968924
92,Egeria,0.7,Watermilfoil,0.3,,0,,0,,0,,,0.3,0.25,,No,,,0.17,Egeria,0.5,Watermilfoil,0.5,,0,,0,,0,,0,,6/25/2008,02:05:44pm,38.26708192,-121.4986938
93,Watermilfoil,0.2,Am_pondweed,0.1,,0,,0,,0,,0.7,,0,,No,,,0.04,Watermilfoil,0.5,,0,,0,,0,,0,,0,,6/25/2008,02:15:10pm,38.26886184,-121.4978707
94,Egeria,0.1,Coontail,0.1,Watermilfoil,0.08,,0,,0,,1,,,3.5,No,,,0.28,Egeria,0.4,Coontail,0.35,Watermilfoil,0.25,,0,,0,,0,,6/24/2008,08:24:19am,38.02788653,-121.485514
95,Egeria,0.4,,0,,0,,0,,0,,1,,,4.5,No,,,0.40,Egeria,1,,0,,0,,0,,0,,0,,6/24/2008,09:07:45am,38.02765088,-121.5000103
96,Egeria,0.2,Coontail,0.02,,0,,0,,0,,1,,,4,No,,,0.22,Egeria,0.95,Coontail,0.05,,0,,0,,0,,0,,6/24/2008,09:22:52am,38.02254171,-121.5138712
97,Egeria,0.2,Coontail,0.2,Watermilfoil,0.01,,0,,0,,1,,,4.5,No,,,0.38,Egeria,0.4,Coontail,0.5,Watermilfoil,0.1,,0,,0,,0,,6/24/2008,08:38:57am,38.03027844,-121.4845906
98,Egeria,0.4,Coontail,0.2,Curlyleaf,0.2,Cabomba,0,,0,,,,1,,No,,,0.42,Egeria,1,Cabomba,0,Curlyleaf,0,,0,,0,,0,,6/24/2008,07:31:45am,38.02554257,-121.4796488
99,Egeria,0.6,Coontail,0.3,Cabomba,0,,0,,0,,0.1,,1.5,,No,,,0.42,Egeria,0.85,Coontail,0.15,Cabomba,0,,0,,0,,0,,6/24/2008,08:07:26am,38.02606541,-121.4836521
100,Watermilfoil,0.5,Coontail,0.4,Egeria,0.1,,0,,0,,,,1.5,,No,,,0.34,Coontail,0.6,Watermilfoil,0.35,Egeria,0.05,,0,,0,,0,,6/24/2008,08:34:15am,38.03076935,-121.4848141
101,Coontail,0.5,Egeria,0.1,,0,,0,,0,,0.4,,0,,No,,,0.42,Coontail,0.7,Egeria,0.3,,0,,0,,0,,0,,6/24/2008,09:14:28am,38.02371045,-121.5112135
102,Coontail,0.2,Egeria,0.1,Curlyleaf,0,,0,,0,,0.7,,1,,No,,,0.17,Egeria,1,,0,,0,,0,,0,,0,,6/24/2008,09:43:03am,38.02722885,-121.5056315
103,Coontail,0.5,Egeria,0.1,,0,,0,,0,,0.4,,1,,No,,,0.42,Egeria,1,,0,,0,,0,,0,,0,,6/24/2008,09:53:03am,38.03313574,-121.4981842
104,Egeria,0.9,Cabomba,0.1,Watermilfoil,0,,0,,0,,,,0,,No,,,0.42,Egeria,0.95,Cabomba,0.05,Watermilfoil,0,,0,,0,,0,,6/24/2008,10:00:43am,38.03355269,-121.4971782
105,Egeria,1,Coontail,0,,0,,0,,0,,,,0.25,,No,,,0.42,Egeria,1,,0,,0,,0,,0,,0,,6/24/2008,10:14:42am,38.03642613,-121.4963856
106,Egeria,0.9,Coontail,0.1,,0,,0,,0,,,,0.25,,No,,,0.40,Egeria,1,,0,,0,,0,,0,,0,,6/24/2008,10:21:35am,38.03746126,-121.4978502
107,Algae,0.7,Egeria,0.3,Coontail,0,,0,,0,,,,0,,No,,,0.42,Algae,0.5,Egeria,0.5,Coontail,0,,0,,0,,0,,6/24/2008,10:32:25am,38.0388478,-121.4972865
108,Egeria,0.6,Coontail,0.3,Curlyleaf,0.1,Sago,0,,0,,,,0.5,,No,,,0.42,Egeria,0.9,Coontail,0.1,,0,,0,,0,,0,,6/24/2008,10:57:52am,38.04008073,-121.5029202
109,Watermilfoil,0.4,Sago,0,Egeria,0,Cabomba,0,,0,,0.6,,0,,No,,,0.11,Watermilfoil,0.8,Egeria,0.1,Cabomba,0.1,,0,,0,,0,patch runs all along channel edge,6/24/2008,12:21:52pm,38.07777236,-121.5101845
110,Egeria,0.9,Watermilfoil,0.1,Tule,0,Curlyleaf,0,,0,,,,,,No,,,0.42,Egeria,1,,0,,0,,0,,0,,0,,6/24/2008,12:32:33pm,38.08938612,-121.5198208
111,Egeria,0.7,Watermilfoil,0.3,,0,,0,,0,,,,0.5,,No,,,0.27,Egeria,0.9,Watermilfoil,0.1,,0,,0,,0,,0,,6/24/2008,12:46:35pm,38.08885782,-121.5285363
112,Egeria,0.8,Curlyleaf,0.1,Watermilfoil,0.1,,0,,0,,,,0.5,,No,,,0.13,Egeria,0.9,Curlyleaf,0.1,,0,,0,,0,,0,,6/24/2008,12:54:07pm,38.08672147,-121.5369102
113,Watermilfoil,0.4,Coontail,0.2,Egeria,0.3,Algae,0,,0,,0.1,,0,,No,,,0.42,Coontail,0.5,Algae,0.5,,0,,0,,0,,0,,6/24/2008,01:05:22pm,38.0852737,-121.5418923
114,Cabomba,0.8,Watermilfoil,0.1,Algae,0.1,,0,,0,,,,0.25,,No,,,0.42,Cabomba,0.95,Algae,0.05,,0,,0,,0,,0,,6/24/2008,01:12:56pm,38.08542422,-121.5428805
115,Egeria,1,Coontail,0,Curlyleaf,0,Sago,0,,0,,,,0.5,,No,,,0.42,Egeria,0.9,Coontail,0.1,,0,,0,,0,,0,,6/24/2008,01:33:54pm,38.08416057,-121.5531386
116,Egeria,0.5,Watermilfoil,0.3,Coontail,0.1,Algae,0.1,,0,,,,0.5,,No,,,0.42,Coontail,0.5,Watermilfoil,0.5,,0,,0,,0,,0,,6/24/2008,01:43:00pm,38.08303042,-121.557356
117,Egeria,0.6,Coontail,0.3,Watermilfoil,0.1,Curlyleaf,0,Sago,0,,,,0.25,,No,,,0.42,Egeria,0.7,Coontail,0.3,,0,,0,,0,,0,,6/24/2008,01:49:54pm,38.08374273,-121.5584395
118,Watermilfoil,0.4,Coontail,0.3,Egeria,0,,0,,0,,0.3,,0.25,,No,,,0.42,Egeria,0.4,Watermilfoil,0.3,Coontail,0.3,,0,,0,,0,,6/24/2008,02:14:08pm,38.13190718,-121.5644839
119,Coontail,0.7,Watermilfoil,0.3,Algae,0,,0,,0,,,,0,,No,,,0.42,Coontail,0.5,Watermilfoil,0.45,Algae,0.05,,0,,0,,0,,6/24/2008,02:22:43pm,38.12421117,-121.5591546
120,Egeria,0.6,Curlyleaf,0,,0,,0,,0,,0.4,,,,No,,,0.42,Egeria,1,,0,,0,,0,,0,,0,,6/23/2008,10:17:10am,37.99607185,-121.4467302
121,Curlyleaf,0.9,Watermilfoil,0.1,Coontail,0,,0,,0,,,,0.5,,No,,,0.34,Curlyleaf,0.9,Watermilfoil,0.1,,0,,0,,0,,0,,6/23/2008,10:32:19am,37.99409763,-121.4493965
122,Egeria,0.7,,0,,0,,0,,0,,0.3,,,4.75,No,,,0.42,Egeria,1,,0,,0,,0,,0,,0,,6/23/2008,10:38:59am,37.99360256,-121.448481
123,Egeria,0.8,Coontail,0.2,,0,,0,,0,,,0.6,0.5,,No,,,0.28,Egeria,1,,0,,0,,0,,0,,0,,6/23/2008,10:52:55am,38.0015255,-121.4453265
124,Egeria,0.9,Curlyleaf,0.1,,0,,0,,0,,,,1,,No,,,0.22,Curlyleaf,0.6,Egeria,0.4,,0,,0,,0,,0,,6/23/2008,11:02:10am,38.00220028,-121.4448727
125,Egeria,0.8,Coontail,0.2,,0,,0,,0,,,,0.75,,No,,,0.34,Egeria,1,,0,,0,,0,,0,,0,,6/23/2008,11:35:27am,38.00758993,-121.4421294
126,Cabomba,0.5,Coontail,0.3,Curlyleaf,0.1,Egeria,0.1,Algae,0,,,,0.5,,No,XL (>15m),XL (>15m),0.42,Cabomba,0.6,Coontail,0.4,,0,,0,,0,,0,huge huge path - whole island,6/23/2008,11:44:16am,38.0065139,-121.4440956
127,Coontail,0.6,Watermilfoil,0.2,Egeria,0.2,Curlyleaf,0,,0,,,,0.25,,No,,,0.38,Egeria,0.5,Coontail,0.45,Watermilfoil,0.05,,0,,0,,0,,6/23/2008,11:58:14am,38.00963881,-121.4443457
128,Watermilfoil,1,,0,,0,,0,,0,,,,0,,No,,,-1.11,,0,,0,,0,,0,,0,,0,,6/23/2008,12:10:30pm,38.0088905,-121.4475881
129,Egeria,0.9,Coontail,0.1,,0,,0,,0,,,,0.25,,No,,,0.42,Egeria,1,,0,,0,,0,,0,,0,,6/23/2008,12:18:39pm,38.00991874,-121.4491153
130,Egeria,0.8,Curlyleaf,0.1,Coontail,0.1,,0,,0,,,,0,,No,,,0.38,Egeria,0.7,Coontail,0.3,,0,,0,,0,,0,,6/23/2008,12:24:03pm,38.00919673,-121.4493546
131,Egeria,1,Coontail,0,Cabomba,0,Curlyleaf,0,,0,,,,0.25,,No,,,0.42,Egeria,1,Curlyleaf,0,,0,,0,,0,,0,,6/23/2008,12:31:54pm,38.01115413,-121.4517992
132,Egeria,0.9,Curlyleaf,0.1,,0,,0,,0,,,,0.5,,No,,,0.28,Egeria,1,,0,,0,,0,,0,,0,,6/23/2008,01:02:20pm,38.00872314,-121.4616059
133,Egeria,0.6,Curlyleaf,0.4,Coontail,0,,0,,0,,,,0,,No,,,0.42,Egeria,0.5,Curlyleaf,0.45,Coontail,0.05,,0,,0,,0,,6/23/2008,01:09:40pm,38.00585233,-121.4609554
134,Watermilfoil,0.8,Coontail,0.2,Egeria,0,,0,,0,,,,0,,No,,,0.34,Watermilfoil,0.8,Coontail,0.15,Egeria,0.05,,0,,0,,0,,6/23/2008,01:17:53pm,38.00391212,-121.458532
135,Egeria,0.8,Curlyleaf,0.1,Watermilfoil,0.1,Coontail,0,,0,,,,0,,No,,,0.34,Egeria,1,Watermilfoil,0,,0,,0,,0,,0,,6/23/2008,01:47:52pm,38.01508898,-121.4574988
136,Am_pondweed,0.6,Curlyleaf,0.1,Egeria,0,,0,,0,,0.3,,0,,No,,,0.28,Am_pondweed,0.8,Curlyleaf,0.15,Egeria,0.05,,0,,0,,0,no pic,6/23/2008,02:09:14pm,38.02622532,-121.4726217
137,Egeria,0.9,Curlyleaf,0.1,Coontail,0,,0,,0,,,0.1,0,,No,,,0.34,Egeria,0.95,Coontail,0.05,,0,,0,,0,,0,,6/23/2008,02:15:48pm,38.02559415,-121.4758432
139,Algae,0.9,Egeria,0.1,,0,,0,,0,,,,0.5,,No,,,0.42,Algae,0.35,Egeria,0.65,,0,,0,,0,,0,sample 1,6/26/2008,07:44:31am,38.03673291,-121.4052998
140,Algae,0.7,Watermilfoil,0.2,Egeria,0.1,,0,,0,,,,0.5,2.5,Yes,,,0.42,Egeria,0.4,Algae,0.4,,0,,0,,0,,0,,6/26/2008,08:02:03am,38.02955479,-121.4044906
141,Watermilfoil,0.1,,0,,0,,0,,0,,1,,,1,No,,,0.11,Watermilfoil,1,,0,,0,,0,,0,,0,,6/26/2008,08:42:09am,38.00142442,-121.4025366
142,Egeria,0.9,Coontail,0.1,Watermilfoil,0,,0,,0,,0.4,,,1.5,No,,,0.28,Watermilfoil,0.05,Coontail,0.1,Egeria,0.85,,0,,0,,0,,6/26/2008,09:00:07am,38.00314747,-121.4023715
143,Sago,0.4,Coontail,0.3,Cabomba,0,,0,,0,,0.3,,1,2,No,,,0.42,Cabomba,0.95,Coontail,0.05,,0,,0,,0,,0,sample 2,6/26/2008,09:17:23am,38.00583773,-121.3985361
144,Watermilfoil,0.7,Curlyleaf,0.1,Coontail,0.2,Egeria,0,,0,,,,1,,No,,,0.35,Watermilfoil,0.9,Egeria,0.1,,0,,0,,0,,0,sample 3,6/26/2008,09:42:36am,38.00915082,-121.3905977
145,Cabomba,0.1,Watermilfoil,0.7,Pennywort,0.1,Tule,0.1,,0,,,,0.5,,No,,,0.42,Watermilfoil,0.95,Cabomba,0.05,,0,,0,,0,,0,sample 4,6/26/2008,10:24:30am,37.99435717,-121.3647634
146,Coontail,0.3,Watermilfoil,0.3,Cabomba,0.1,,0,,0,,0.3,,,2,No,,,0.42,Coontail,1,,0,,0,,0,,0,,0,sample 5,6/26/2008,10:51:52am,37.99771571,-121.3495376
147,Watermilfoil,0.2,,0,,0,,0,,0,,0.8,,,2,Yes,,,0.15,Watermilfoil,1,,0,,0,,0,,0,,0,,6/26/2008,11:01:46am,37.99922327,-121.3466933
148,Algae,0.7,Egeria,0.1,Algae,0.2,Watermilfoil,0,,0,,,,,,No,XL (>15m),XL (>15m),0.42,Algae,0.5,Egeria,0.1,Watermilfoil,0.15,Coontail,0.25,,0,,0,sample 6,6/26/2008,11:27:08am,37.99466707,-121.363541
149,Cabomba,0.9,Algae,0.1,Egeria,0,,0,,0,,,,0.5,3,Yes,,,0.39,Cabomba,0.9,Egeria,0.05,Algae,0.05,,0,,0,,0,sample 7,6/26/2008,01:12:26pm,37.98847329,-121.4090774
150,Egeria,0.3,WPrimrose,0.3,Algae,0.2,Coontail,0.1,Algae,0.1,,,,,,No,,,0.42,Algae,0.05,Coontail,0.05,Egeria,0.9,,0,,0,,0,sample 8,6/26/2008,01:49:48pm,37.96778917,-121.3577049
151,Egeria,0.3,Coontail,0.3,Algae,0.1,,0,,0,,0.5,,0.5,,No,,,0.42,Egeria,0.15,Coontail,0.85,,0,,0,,0,,0,sample 9,6/26/2008,02:06:54pm,37.97414158,-121.3472949
152,Egeria,0.3,Coontail,0.2,Cabomba,0,,0,,0,,0.5,,0,4,No,,,0.42,Egeria,0.7,Coontail,0.25,Cabomba,0.05,,0,,0,,0,,6/23/2008,12:21:05pm,38.05222239,-121.4587813
153,Algae,1,Coontail,0,Watermilfoil,0,,0,,0,,,,3.5,3.75,No,,,0.42,Coontail,0.2,Watermilfoil,0.5,Algae,0.3,,0,,0,,0,,6/23/2008,07:08:40am,38.04530648,-121.3826901
154,Algae,0.8,Curlyleaf,0,Watermilfoil,0,,0,,0,,,,3.5,4,No,,,0.38,Curlyleaf,0.5,Watermilfoil,0.5,,0,,0,,0,,0,trash bag sample 1,6/23/2008,07:21:24am,38.04585054,-121.3742201
155,Coontail,0.1,Algae,0,Watermilfoil,0,Egeria,0,,0,,0.9,,0,6,No,,,0.42,Algae,0.5,Watermilfoil,0.2,Coontail,0.2,Egeria,0.1,,0,,0,1% elodia,6/23/2008,07:28:58am,38.04505816,-121.3731825
156,Egeria,0.4,Algae,0.01,,0,,0,,0,,1,,0,3,No,,,0.42,Egeria,0.8,Algae,0.2,,0,,0,,0,,0,,6/23/2008,07:35:36am,38.04386838,-121.3722898
157,Algae,1,Egeria,0,,0,,0,,0,,,,3,3.25,No,,,0.41,Algae,0.3,Egeria,0.7,,0,,0,,0,,0,,6/23/2008,07:47:38am,38.04329001,-121.3633624
158,Egeria,0.1,Coontail,0.1,Algae,0.6,Azolla,0.1,Watermilfoil,0.1,,,,0.25,2.75,No,,,0.36,Egeria,0.4,Algae,0.4,Watermilfoil,0.2,,0,,0,,0,,6/23/2008,07:59:33am,38.0434472,-121.3833415
159,Coontail,0.25,,0,,0,,0,,0,,1,,3.25,3.25,No,,,0.25,Coontail,1,,0,,0,,0,,0,,0,,6/23/2008,08:09:21am,38.04339995,-121.385727
160,Coontail,0.4,Egeria,0.01,,0,,0,,0,,1,,4.25,4.25,No,,,0.41,Coontail,0.9,Egeria,0.1,,0,,0,,0,,0,,6/23/2008,08:18:35am,38.03473917,-121.3794778
162,Cabomba,0.2,Coontail,0.2,Egeria,0.1,Algae,0.1,Curlyleaf,0.2,,,,2,5,No,,,0.42,Coontail,0.5,Egeria,0.3,Curlyleaf,0.2,,0,,0,,0,20% Watermillfoil --- sample 3,6/23/2008,10:02:38am,38.0429695,-121.4350697
163,Egeria,1,,0,,0,,0,,0,,,,1,5.5,No,,,0.35,Egeria,1,,0,,0,,0,,0,,0,,6/23/2008,10:42:05am,38.03979025,-121.4422035
164,Coontail,0.1,Watermilfoil,0.1,Egeria,0.1,Tule,0.2,,0,,0.5,,0,4,No,,,0.22,Egeria,1,,0,,0,,0,,0,,0,,6/23/2008,10:46:30am,38.04025278,-121.4445191
165,Egeria,0.4,Algae,0.6,Coontail,0,,0,,0,,,,0,5.5,No,,,0.40,Egeria,0.6,Coontail,0.4,,0,,0,,0,,0,,6/23/2008,10:57:39am,38.04235677,-121.444171
166,Egeria,0.2,,0,,0,,0,,0,,0.8,,0,4,No,,,0.04,Egeria,1,,0,,0,,0,,0,,0,,6/23/2008,12:27:53pm,38.05050339,-121.4568233
167,Algae,0.5,Curlyleaf,0.1,Watermilfoil,0.1,Tule,0.1,Egeria,0,,0.2,,0,6,No,,,0.42,Egeria,0.65,Algae,0.3,Curlyleaf,0.05,,0,,0,,0,,6/23/2008,12:34:29pm,38.04756012,-121.4523814
168,Egeria,0.4,Algae,0.4,Coontail,0.1,Curlyleaf,0.1,,0,,,,0,6,No,,,0.42,Egeria,0.9,Algae,0.1,,0,,0,,0,,0,,6/23/2008,12:40:21pm,38.04709308,-121.4518356
169,Egeria,0.3,Curlyleaf,0.1,Coontail,0,,0,,0,,0.6,,0.5,4,No,,,0.17,Egeria,0.7,Coontail,0.3,,0,,0,,0,,0,,6/23/2008,12:45:53pm,38.04588699,-121.4523495
170,Egeria,0.9,Coontail,0.1,Watermilfoil,0,,0,,0,,,,0.5,5,No,,,0.42,Egeria,0.95,Watermilfoil,0.05,,0,,0,,0,,0,sample 4 - ziptie (4 black marks),6/23/2008,01:00:20pm,38.04730316,-121.4479062
172,Curlyleaf,0.1,Coontail,0.1,Egeria,0.1,Watermilfoil,0.1,,0,,0.6,,0.5,4.5,No,,,0.22,Egeria,0.8,Watermilfoil,0.1,Algae,0.1,,0,,0,,0,,6/23/2008,01:24:18pm,38.05111732,-121.453019
173,Watermilfoil,0.3,Egeria,0.3,Tule,0.1,,0,,0,,0.3,,0,5,No,,,0.30,Egeria,0.6,Watermilfoil,0.4,,0,,0,,0,,0,,6/23/2008,01:44:50pm,38.05406391,-121.461113
174,Egeria,0.7,Tule,0.1,Coontail,0.1,Algae,0.1,,0,,,,0,3,No,,,0.42,Egeria,0.5,Coontail,0.5,,0,,0,,0,,0,,6/23/2008,01:55:11pm,38.05282355,-121.4636805
175,Egeria,0.4,Tule,0.5,Coontail,0.1,,0,,0,,,,0,4.75,No,,,0.42,Coontail,0.1,Egeria,0.9,,0,,0,,0,,0,sample 5 - ziptie (5 black marks),6/23/2008,02:03:00pm,38.05058257,-121.4666408
176,Egeria,0.5,Tule,0.4,,0,,0,,0,,0.1,,0,3.5,No,,,0.42,Egeria,1,,0,,0,,0,,0,,0,,6/23/2008,02:19:42pm,38.0461056,-121.4718675
177,Coontail,0.2,Egeria,0.1,Curlyleaf,0.1,Tule,0.1,,0,,,,0.5,4,No,,,0.42,Curlyleaf,0.5,Coontail,0.25,Egeria,0.25,,0,,0,,0,"sav patch, not emergent",6/23/2008,09:35:33am,38.04259136,-121.4257032
180,Algae,0.3,Egeria,0.4,Coontail,0.1,Cabomba,0,,0,,0.2,,0,3.5,No,,,0.42,Algae,0.3,Cabomba,0.1,Egeria,0.3,Coontail,0.3,,0,,0,,6/24/2008,07:21:58am,38.05619301,-121.4599526
181,Egeria,0.4,Algae,0.4,,0,,0,,0,,0.2,,0,3.5,No,,,0.32,Egeria,0.5,Algae,0.5,,0,,0,,0,,0,,6/24/2008,07:56:31am,38.06731296,-121.4582942
182,Algae,0.8,Egeria,0.1,Algae,0.1,Coontail,0,,0,,,,0.5,,No,,,0.42,Egeria,0.5,Coontail,0.5,,0,,0,,0,,0,,6/24/2008,08:06:24am,38.0725536,-121.4537209
183,Algae,0.4,Tule,0.2,Algae,0.3,Egeria,0.1,Coontail,0,,,,,,No,,,0.42,Egeria,0.5,Coontail,0.5,,0,,0,,0,,0,,6/24/2008,08:18:54am,38.07453741,-121.4559198
184,Algae,0.7,Tule,0.3,Coontail,0,Egeria,0,,0,,,,0,,No,,,0.42,Coontail,0.8,Egeria,0.2,,0,,0,,0,,0,sample 2,6/24/2008,08:37:43am,38.08022291,-121.4451977
185,Egeria,0.9,Algae,0.1,,0,,0,,0,,,,1,,No,,,0.35,Egeria,1,,0,,0,,0,,0,,0,sample 3,6/24/2008,09:40:48am,38.08729855,-121.4105841
186,Cabomba,0.4,Watermilfoil,0.3,Algae,0,,0,,0,,,0.3,,,No,,,0.41,Watermilfoil,0.4,Cabomba,0.4,Algae,0.2,,0,,0,,0,sample 4,6/24/2008,11:10:39am,38.10497683,-121.4892033
187,Cabomba,0.6,Algae,0.2,Tule,0.2,Egeria,0,,0,,,,2,,No,,,0.09,Egeria,0.5,Algae,0.5,,0,,0,,0,,0,,6/24/2008,11:21:17am,38.10571882,-121.4922934
188,Algae,0.2,Watermilfoil,0.2,Egeria,0.2,Coontail,0.2,Cabomba,0,,,0.2,1,3,No,,,0.42,Egeria,0.9,Cabomba,0.05,Watermilfoil,0.05,,0,,0,,0,,6/24/2008,12:26:18pm,38.11439722,-121.4973416
190,Egeria,0.5,Tule,0.4,Coontail,0.1,Cabomba,0,,0,,,,,,No,,,0.42,Cabomba,0.05,Coontail,0.1,Egeria,0.85,,0,,0,,0,,6/24/2008,01:04:56pm,38.13965785,-121.5040911
191,Algae,0.6,Egeria,0.3,Coontail,0.1,,0,,0,,,,0.75,,No,,,0.12,Coontail,0.3,Algae,0.1,Egeria,0.6,,0,,0,,0,shallow w/ small tree stumps - sample 5,6/24/2008,01:15:35pm,38.14181105,-121.498847
192,Algae,0.4,Egeria,0.5,Coontail,0.1,Watermilfoil,0,,0,,,,0,,No,,,0.42,Algae,0.1,Watermilfoil,0.1,Coontail,0.2,Egeria,0.6,,0,,0,,6/24/2008,01:41:35pm,38.14075092,-121.4861339
193,Watermilfoil,0.3,Egeria,0.1,Algae,0.4,Tule,0.2,Coontail,0,,,,,,No,,,0.42,Algae,0.8,Coontail,0.2,,0,,0,,0,,0,,6/24/2008,01:51:29pm,38.143697,-121.4748374
194,Algae,1,,0,,0,,0,,0,,,,0,,No,,,0.41,Algae,0.95,,0,,0,,0,,0,,0,">5% watermillfoil, egeria, coon's tail total",6/24/2008,02:01:06pm,38.14165131,-121.4487431
195,Coontail,0.2,,0,,0,,0,,0,,0.8,,0,,No,,,0.12,Coontail,1,,0,,0,,0,,0,,0,,6/24/2008,02:10:04pm,38.14595189,-121.4360638
196,Coontail,0.2,Algae,0,Egeria,0,Watermilfoil,0,,0,,0.8,,1,4,No,,,0.26,Algae,0.4,Egeria,0.3,Watermilfoil,0.3,,0,,0,,0,sample 1,6/25/2008,07:52:00am,38.14653079,-121.5091188
197,Watermilfoil,0.1,,0,,0,,0,,0,,0.9,,,4,No,,,0.00,,0,,0,,0,,0,,0,,0,,6/25/2008,08:04:26am,38.1557321,-121.5030636
199,Algae,0.7,Egeria,0.2,Watermilfoil,0.1,Coontail,0,,0,,,,1.5,,No,,,0.42,Algae,0.05,Coontail,0.4,Watermilfoil,0.55,,0,,0,,0,minimal egeria,6/25/2008,08:34:40am,38.17225242,-121.4466745
200,Algae,0.7,Watermilfoil,0.3,,0,,0,,0,,,,2,,No,,,0.40,Watermilfoil,0.5,Algae,0.5,,0,,0,,0,,0,,6/25/2008,08:42:17am,38.17489842,-121.4321408
201,Watermilfoil,0.3,Algae,0.3,Elodea,0,,0,,0,,0.4,,1.5,,No,,,0.37,Coontail,0.3,Elodea,0.4,Algae,0.3,,0,,0,,0,,6/25/2008,09:14:09am,38.17483951,-121.496724
202,Coontail,0.5,Algae,0.4,Algae,0.1,Watermilfoil,0,,0,,,,0.5,,No,,,0.42,Coontail,0.95,Watermilfoil,0.05,,0,,0,,0,,0,">5% algae, non-ep",6/25/2008,09:24:48am,38.1784319,-121.4955175
204,Coontail,0.2,Algae,0.3,Egeria,0.2,,0,,0,,0.3,,0.5,3,No,,,0.42,Egeria,0.9,Algae,0.1,,0,,0,,0,,0,,6/25/2008,09:45:13am,38.19444279,-121.4706493
205,Egeria,0.5,,0,,0,,0,,0,,0.5,,0.75,2.5,No,,,0.42,Egeria,1,,0,,0,,0,,0,,0,sample 4,6/25/2008,10:12:44am,38.20249923,-121.4593453
206,Coontail,0.1,Egeria,0,Cabomba,0,,0,,0,,0.9,,,,No,,,0.28,Egeria,0.4,Coontail,0.4,Cabomba,0.2,,0,,0,,0,,6/25/2008,10:21:27am,38.19768789,-121.4610629
207,Curlyleaf,0.3,Watermilfoil,0.3,Algae,0.4,Egeria,0,,0,,,,1,4.5,No,,,0.03,Egeria,0.5,Algae,0.5,,0,,0,,0,,0,,6/25/2008,11:15:58am,38.32039666,-121.4995977
208,Watermilfoil,0.6,,0,,0,,0,,0,,0.3,0.1,0.5,3,No,,,0.34,Watermilfoil,1,,0,,0,,0,,0,,0,,6/25/2008,11:29:26am,38.31874459,-121.5011745
209,Egeria,0.5,Coontail,0.2,Watermilfoil,0.3,,0,,0,,,,0.25,,No,,,0.42,Egeria,0.5,Watermilfoil,0.3,Coontail,0.2,,0,,0,,0,,6/25/2008,11:38:52am,38.31781249,-121.5002091
210,Egeria,0.5,Watermilfoil,0.5,,0,,0,,0,,,,0.25,3,No,,,0.35,Egeria,1,,0,,0,,0,,0,,0,,6/25/2008,11:58:38am,38.31645147,-121.5030492
211,Algae,0.6,Egeria,0.2,Cabomba,0.1,Coontail,0.1,,0,,,,0.25,3.5,No,,,0.42,Egeria,0.9,Coontail,0.05,Algae,0.05,,0,,0,,0,,6/25/2008,12:07:13pm,38.30926837,-121.5109074
212,Cabomba,0.3,Algae,0.4,Egeria,0.3,Coontail,0,,0,,,,1.25,,No,,,0.42,Coontail,0.8,Algae,0.1,Egeria,0.1,,0,,0,,0,,6/25/2008,12:16:11pm,38.3079993,-121.5113881
213,Egeria,0.3,Algae,0.2,Coontail,0.1,Tule,0.4,,0,,,,,3.5,No,,,0.41,Egeria,0.6,Coontail,0.4,,0,,0,,0,,0,,6/25/2008,01:09:22pm,38.30210306,-121.509823
214,Egeria,0.9,Algae,0.1,,0,,0,,0,,,,0,4,No,,,0.36,Egeria,1,,0,,0,,0,,0,,0,>5% Coon's tail,6/25/2008,01:16:39pm,38.29637458,-121.5112209
215,Egeria,0.9,Coontail,0.1,,0,,0,,0,,,,,3,No,,,0.41,Egeria,1,,0,,0,,0,,0,,0,,6/25/2008,01:23:09pm,38.29450837,-121.5079171
216,Egeria,0.9,Algae,0.1,,0,,0,,0,,,,0,,No,,,0.42,Egeria,1,,0,,0,,0,,0,,0,no foot after last SAV,6/25/2008,01:31:23pm,38.28803744,-121.5041267
217,Egeria,1,,0,,0,,0,,0,,,,0,,No,,,0.38,Egeria,1,,0,,0,,0,,0,,0,,6/25/2008,01:36:49pm,38.2839394,-121.5035367
218,Egeria,0.9,Algae,0.1,Cabomba,0,,0,,0,,,,0,,No,,,0.42,Egeria,1,Cabomba,0,,0,,0,,0,,0,,6/25/2008,01:47:35pm,38.28220183,-121.5002906
219,Egeria,0.8,Algae,0.2,,0,,0,,0,,,,0.25,,No,,,0.42,Egeria,1,,0,,0,,0,,0,,0,,6/25/2008,01:57:40pm,38.27933517,-121.4983062
221,Watermilfoil,0.6,Coontail,0.2,Egeria,0,,0,,0,,0.2,,,,No,,,0.00,,0,,0,,0,,0,,0,,0,,6/30/2008,12:56:37pm,38.33642667,-121.5829128
225,Coontail,0.8,Elodea,0,Egeria,0,,0,,0,,0.2,,0,3,No,XL (>15m),L (10-15m),0.21,Coontail,0.85,Elodea,0.1,Egeria,0.05,,0,,0,,0,sample1,7/7/2008,08:43:58am,38.00864588,-121.5148632
226,Coontail,0.8,Egeria,0,,0,,0,,0,,0.2,,0,3,No,XL (>15m),XL (>15m),0.21,Coontail,0.7,Egeria,0.3,,0,,0,,0,,0,sample2,7/7/2008,09:04:54am,38.00893821,-121.5110224
227,Coontail,0.8,Egeria,0,,0,,0,,0,,0.2,,0,3,No,L (10-15m),M (5-10m),0.21,Coontail,0.95,Egeria,0.05,,0,,0,,0,,0,sample3,7/7/2008,09:13:05am,38.00807787,-121.5100013
228,Coontail,0.7,Egeria,0,,0,,0,,0,,0.3,,0,3,No,XL (>15m),L (10-15m),0.21,Coontail,0.95,Egeria,0.05,,0,,0,,0,,0,sample4,7/7/2008,09:54:04am,37.99085644,-121.5132401
229,Coontail,0.7,Curlyleaf,0.1,,0,,0,,0,,0.2,,0,2.75,No,XL (>15m),L (10-15m),0.19,Coontail,0.6,Curlyleaf,0.4,,0,,0,,0,,0,sample5,7/7/2008,10:13:10am,37.99305171,-121.5087842
230,Coontail,0.8,Egeria,0,,0,,0,,0,,0.2,,0,2.75,No,XL (>15m),L (10-15m),0.00,Coontail,0.95,Egeria,0.05,,0,,0,,0,,0,,7/7/2008,10:20:08am,37.99429741,-121.5069034
231,Coontail,0.5,Curlyleaf,0.3,Sago,0,,0,,0,,0.2,,0,2.5,No,M (5-10m),M (5-10m),0.04,Sago,1,,0,,0,,0,,0,,0,,7/7/2008,10:33:41am,37.99635675,-121.5066299
232,Egeria,0.7,,0,,0,,0,,0,,0.3,,1,2.75,No,L (10-15m),M (5-10m),0.21,Egeria,1,,0,,0,,0,,0,,0,sample6,7/7/2008,10:38:25am,37.99758713,-121.5070664
233,Coontail,0.9,,0,,0,,0,,0,,0.1,,0,2.5,No,XL (>15m),L (10-15m),0.19,Coontail,1,,0,,0,,0,,0,,0,sample7,7/7/2008,11:39:51am,37.99949851,-121.5256857
234,Coontail,0.6,Curlyleaf,0.3,Sago,0,,0,,0,,0.1,,0.5,2.5,No,XL (>15m),L (10-15m),0.19,Curlyleaf,0.9,Sago,0.1,,0,,0,,0,,0,sample8,7/7/2008,12:05:36pm,37.98104812,-121.5332826
235,Curlyleaf,0.8,Coontail,0.1,,0,,0,,0,,0.1,,0,2.25,No,XL (>15m),L (10-15m),0.21,Curlyleaf,0.9,Coontail,0.1,,0,,0,,0,,0,sample9,7/7/2008,12:29:48pm,37.97404373,-121.5359367
236,Coontail,0.9,Egeria,0,,0,,0,,0,,,,0,3,No,XL (>15m),L (10-15m),0.21,Coontail,0.95,Egeria,0.05,,0,,0,,0,,0,sample1,7/8/2008,08:06:48am,37.97354387,-121.5385766
237,Coontail,0.7,Sago,0.1,Elodea,0,,0,,0,,0.2,,0.5,3,No,XL (>15m),L (10-15m),0.02,Elodea,1,,0,,0,,0,,0,,0,,7/8/2008,08:30:17am,37.97180405,-121.5301653
238,Coontail,0.9,Curlyleaf,0.1,Egeria,0,,0,,0,,,,0,3.25,No,,,0.21,Curlyleaf,0.95,Egeria,0.05,,0,,0,,0,,0,sample3,7/8/2008,08:37:17am,37.97195609,-121.5289366
239,Coontail,0.8,Sago,0.1,Egeria,0,,0,,0,,0.1,,1,3.75,No,L (10-15m),M (5-10m),0.13,Coontail,0.6,Egeria,0.4,,0,,0,,0,,0,sample4,7/8/2008,09:11:40am,37.98461579,-121.5161797
240,Am_pondweed,0.8,Egeria,0,Coontail,0,Cabomba,0,,0,,0.2,,,3.5,No,S (3-5m),S (3-5m),0.20,Am_pondweed,0.8,Egeria,0.1,Coontail,0.05,Cabomba,0.05,,0,,0,sample5,7/8/2008,09:46:26am,37.97297369,-121.5097521
241,Coontail,0.8,Egeria,0.2,,0,,0,,0,,,,0,2.25,No,XL (>15m),L (10-15m),0.21,Coontail,0.95,Egeria,0.05,,0,,0,,0,,0,,7/8/2008,09:55:23am,37.97253395,-121.5077321
242,Egeria,0.6,Curlyleaf,0.1,Coontail,0.1,Cabomba,0,,0,,0.2,,0.5,3.5,No,M (5-10m),M (5-10m),0.07,Egeria,0.8,Cabomba,0.1,Curlyleaf,0.1,,0,,0,,0,sample6,7/8/2008,10:00:45am,37.97174911,-121.5098717
243,Coontail,0.8,Curlyleaf,0.1,,0,,0,,0,,0.1,,0,3,No,XL (>15m),XL (>15m),0.21,Coontail,0.8,Curlyleaf,0.2,,0,,0,,0,,0,,7/8/2008,10:56:50am,37.96977496,-121.5284847
244,Coontail,0.8,Curlyleaf,0.1,Egeria,0,,0,,0,,0.1,,,3.75,No,XL (>15m),XL (>15m),0.18,Coontail,0.85,Egeria,0.1,Curlyleaf,0.05,,0,,0,,0,sample7,7/8/2008,11:03:52am,37.9694271,-121.5313936
245,Sago,0.9,Curlyleaf,0.1,,0,,0,,0,,,,0,3,No,L (10-15m),M (5-10m),0.13,Sago,0.9,Curlyleaf,0.1,,0,,0,,0,,0,sample8,7/8/2008,11:26:31am,37.9403549,-121.532035
246,Egeria,0.8,Coontail,0.1,Curlyleaf,0.1,,0,,0,,,,1,3.25,No,XL (>15m),L (10-15m),0.21,Egeria,0.95,Coontail,0.05,,0,,0,,0,,0,sample9,7/8/2008,11:38:15am,37.93650638,-121.5317778
247,Watermilfoil,0.8,Curlyleaf,0.2,Egeria,0,,0,,0,,,,0,2.25,Yes,XL (>15m),L (10-15m),0.07,Egeria,0.65,Watermilfoil,0.35,,0,,0,,0,,0,,7/8/2008,11:59:15am,37.92681396,-121.5267487
248,Curlyleaf,0.8,Coontail,0.2,Egeria,0,,0,,0,,,,0,3,No,XL (>15m),L (10-15m),0.21,Curlyleaf,0.95,Egeria,0.05,,0,,0,,0,,0,,7/8/2008,12:09:11pm,37.92364544,-121.5286417
249,Egeria,0.6,,0,,0,,0,,0,,0.4,,0,4.25,No,M (5-10m),S (3-5m),0.21,Egeria,1,,0,,0,,0,,0,,0,,7/8/2008,12:23:45pm,37.91551759,-121.5121138
250,Curlyleaf,0.9,Coontail,0.1,Egeria,0,,0,,0,,,,0.5,3,No,L (10-15m),M (5-10m),0.21,Curlyleaf,0.95,Egeria,0.05,,0,,0,,0,,0,,7/8/2008,12:41:27pm,37.90558737,-121.5134468
251,Curlyleaf,0.7,Coontail,0.2,Egeria,0.1,,0,,0,,,,0,2.5,No,XL (>15m),L (10-15m),0.19,Curlyleaf,1,,0,,0,,0,,0,,0,,7/8/2008,12:55:47pm,37.90951972,-121.5164132
252,Egeria,0.7,Curlyleaf,0.3,,0,,0,,0,,,,0,3.5,No,L (10-15m),M (5-10m),0.21,Egeria,1,,0,,0,,0,,0,,0,,7/8/2008,01:10:46pm,37.90324151,-121.5052642
253,Curlyleaf,0.1,Am_pondweed,0.1,Coontail,0,Watermilfoil,0,Egeria,0,,0.8,,,1.75,No,,,0.37,Coontail,0.15,Watermilfoil,0.4,Egeria,0.05,Curlyleaf,0.15,Algae,0.1,Am_pondweed,0.15,sample 1,7/7/2008,08:53:29am,37.88382656,-121.4705528
254,Coontail,0.2,Curlyleaf,0.1,,0,,0,,0,,0.7,,,2,No,,,0.36,Curlyleaf,1,,0,,0,,0,,0,,0,sample 2,7/7/2008,09:00:32am,37.88435509,-121.4705416
255,Coontail,0.1,Am_pondweed,0.1,Curlyleaf,0.1,Watermilfoil,0,,0,,0.7,,,2,No,,,0.06,Watermilfoil,0.95,Curlyleaf,0.05,,0,,0,,0,,0,,7/7/2008,09:05:48am,37.88206873,-121.4684923
256,Coontail,0.2,Egeria,0.1,Watermilfoil,0.1,Tule,0.1,,0,,0.5,,0,2,No,,,0.00,,0,,0,,0,,0,,0,,0,,7/7/2008,09:09:35am,37.88195378,-121.4654919
257,Coontail,0.5,Am_pondweed,0.2,Watermilfoil,0.1,Curlyleaf,0.1,,0,,0.1,,2,,No,,,0.41,Coontail,1,,0,,0,,0,,0,,0,sample 3,7/7/2008,09:13:15am,37.88226987,-121.4633449
258,Coontail,0.6,Curlyleaf,0.1,Elodea,0.1,,0,,0,,,,0,2,No,,,0.21,Coontail,0.6,Elodea,0.4,,0,,0,,0,,0,sample 4,7/7/2008,09:21:07am,37.88184128,-121.4578871
259,Am_pondweed,0.4,Coontail,0.3,Curlyleaf,0.1,,0,,0,,0.2,,0,2,No,,,0.06,Coontail,1,,0,,0,,0,,0,,0,no picture,7/7/2008,09:27:23am,37.8813857,-121.4570032
260,Coontail,0.7,Watermilfoil,0.1,,0,,0,,0,,0.2,,0,2,No,,,0.42,Coontail,1,,0,,0,,0,,0,,0,,7/7/2008,09:32:56am,37.88272064,-121.4513198
261,Am_pondweed,0.5,Coontail,0.2,,0,,0,,0,,0.3,,0,2,No,,,0.42,Am_pondweed,0.65,Coontail,0.35,,0,,0,,0,,0,sample 5,7/7/2008,09:39:51am,37.88489423,-121.4486905
262,Am_pondweed,0.4,Curlyleaf,0.3,Algae,0.3,Coontail,0,,0,,,,0,2,No,,,0.42,Coontail,0.5,Am_pondweed,0.4,Algae,0.1,,0,,0,,0,,7/7/2008,09:46:30am,37.89080976,-121.4421979
263,Algae,0.7,Coontail,0,Watermilfoil,0,,0,,0,,0.3,,0,1.5,No,,,0.42,Coontail,0.95,Watermilfoil,0.05,,0,,0,,0,,0,,7/7/2008,09:55:45am,37.89205567,-121.4335629
264,Coontail,0.9,Curlyleaf,0.1,,0,,0,,0,,,,0,,No,,,0.42,Coontail,0.9,Curlyleaf,0.1,,0,,0,,0,,0,,7/7/2008,10:19:13am,37.88607896,-121.3935278
265,Algae,0.9,Watermilfoil,0.5,Elodea,0.3,Algae,0.15,Egeria,0.05,,0.1,,0.25,2.25,Yes,,,0.38,Watermilfoil,0.5,Elodea,0.3,Algae,0.15,Egeria,0.05,,0,,0,,7/7/2008,10:27:42am,37.87562845,-121.3803317
266,Watermilfoil,0.2,Coontail,0.2,,0,,0,,0,,0.6,,0,3,No,,,0.11,Watermilfoil,0.1,,0,,0,,0,,0,,0,,7/7/2008,10:38:41am,37.87044436,-121.3795696
267,Coontail,0.2,,0,,0,,0,,0,,0.8,,,2,No,,,0.00,,0,,0,,0,,0,,0,,0,,7/7/2008,12:18:50pm,37.81989715,-121.4276629
268,Coontail,0.1,,0,,0,,0,,0,,0.9,,0,1,No,,,0.00,,0,,0,,0,,0,,0,,0,,7/8/2008,07:33:14am,37.80405079,-121.4466008
269,Coontail,0.3,,0,,0,,0,,0,,0.7,,0,1,No,,,0.31,Coontail,1,,0,,0,,0,,0,,0,"no foot pic, sample 1",7/8/2008,07:39:58am,37.79998685,-121.4287376
270,Curlyleaf,0.1,,0,,0,,0,,0,,0.9,,,0.25,Yes,,,0.20,Curlyleaf,1,,0,,0,,0,,0,,0,sample 2,7/8/2008,08:38:18am,37.80351483,-121.3726489
271,Coontail,1,,0,,0,,0,,0,,,,,,No,,,0.42,Coontail,1,,0,,0,,0,,0,,0,sample 3,7/8/2008,09:43:02am,37.79752884,-121.468353
272,Coontail,0.9,,0,,0,,0,,0,,0.1,,0,,No,,,0.37,Coontail,1,,0,,0,,0,,0,,0,,7/8/2008,10:06:52am,37.78124682,-121.4967568
273,Coontail,0.8,,0,,0,,0,,0,,0.2,,0,1.5,No,,,0.42,Coontail,1,,0,,0,,0,,0,,0,sample 4,7/8/2008,10:17:31am,37.78632061,-121.5015257
274,Egeria,0.3,Coontail,0.2,Curlyleaf,0.2,Watermilfoil,0.1,Algae,0.1,,,,0,,No,,,0.42,Coontail,0.6,Egeria,0.3,Algae,0.1,,0,,0,,0,sample 5,7/8/2008,10:32:35am,37.79003151,-121.5160715
275,Coontail,0.5,,0,,0,,0,,0,,0.5,,0,1.5,No,,,0.00,,0,,0,,0,,0,,0,,0,,7/8/2008,10:51:14am,37.79862619,-121.5234664
276,Coontail,0.7,Curlyleaf,0.1,Sago,0.1,Elodea,0.1,,0,,,,,1.5,No,,,0.41,Coontail,1,,0,,0,,0,,0,,0,,7/8/2008,10:55:55am,37.79920596,-121.5229744
277,Coontail,0.5,Watermilfoil,0.1,Curlyleaf,0.1,Egeria,0,,0,,0.3,,0,1.5,No,,,0.38,Coontail,0.7,Watermilfoil,0.25,Egeria,0.05,,0,,0,,0,,7/8/2008,11:04:50am,37.79701312,-121.5257645
278,Coontail,0.6,Curlyleaf,0.2,Egeria,0.2,,0,,0,,,,0,2,No,,,0.42,Coontail,1,,0,,0,,0,,0,,0,,7/8/2008,11:11:15am,37.80335809,-121.5321364
279,Coontail,0.5,Egeria,0.4,Curlyleaf,0.1,,0,,0,,,,0,,No,,,0.40,Coontail,0.95,Egeria,0.05,,0,,0,,0,,0,,7/8/2008,11:21:37am,37.80536156,-121.5332272
280,Watermilfoil,0.3,Coontail,0,,0,,0,,0,,0.7,,0,,No,,,0.06,Watermilfoil,1,,0,,0,,0,,0,,0,,7/7/2008,11:58:59am,37.94680501,-121.3721082
281,Watermilfoil,0.4,Egeria,0.3,Coontail,0.1,,0,,0,,0.2,,,,No,,,0.22,Watermilfoil,0.7,Egeria,0.15,Coontail,0.15,,0,,0,,0,,7/7/2008,12:06:59pm,37.95927002,-121.3802928
282,Egeria,1,Coontail,0,Watermilfoil,0,,0,,0,,,,,,No,,,0.42,Egeria,1,,0,,0,,0,,0,,0,opposite bank too,7/7/2008,12:15:22pm,37.96536664,-121.3732261
283,Egeria,0.8,Watermilfoil,0.1,Coontail,0.1,Sago,0,,0,,,0.2,,,No,,,0.17,Egeria,1,,0,,0,,0,,0,,0,,7/7/2008,12:29:37pm,37.96073257,-121.3605225
284,Egeria,1,Coontail,0,,0,,0,,0,,,,0,,No,,,0.42,Egeria,1,Coontail,0,,0,,0,,0,,0,,7/8/2008,07:59:57am,37.81182507,-121.5472486
285,Coontail,0.4,Watermilfoil,0.2,Am_pondweed,0.1,Curlyleaf,0.1,Egeria,0.1,,,,0,,No,,,0.42,Coontail,0.5,Egeria,0.1,Curlyleaf,0.1,Am_pondweed,0.1,Watermilfoil,0.2,,0,,7/8/2008,08:09:05am,37.81419396,-121.5514776
286,Watermilfoil,0.4,Coontail,0.2,Egeria,0.2,,0,,0,,0.2,,0.25,,No,,,0.42,Watermilfoil,0.85,Coontail,0.1,Egeria,0.05,,0,,0,,0,,7/8/2008,08:25:23am,37.81521784,-121.55325
287,Coontail,0.9,Watermilfoil,0.1,Curlyleaf,0,Egeria,0,,0,,,,,,No,,,0.42,Coontail,1,,0,,0,,0,,0,,0,,7/8/2008,08:34:17am,37.8157526,-121.5564335
288,Egeria,1,,0,,0,,0,,0,,,,0,,No,,,0.42,Egeria,1,,0,,0,,0,,0,,0,,7/8/2008,08:59:42am,37.82015266,-121.543059
289,Egeria,0.9,,0,,0,,0,,0,,0.1,,0,,No,,,0.42,Egeria,1,,0,,0,,0,,0,,0,,7/8/2008,09:10:11am,37.81957795,-121.532242
290,Egeria,1,,0,,0,,0,,0,,,,0,,No,,,0.22,Egeria,1,,0,,0,,0,,0,,0,,7/8/2008,09:16:41am,37.81960355,-121.5251131
291,Egeria,1,,0,,0,,0,,0,,,,0.25,,No,,,0.38,Egeria,1,,0,,0,,0,,0,,0,,7/8/2008,09:28:33am,37.81968828,-121.5078234
292,Egeria,1,,0,,0,,0,,0,,,,0,,No,,,0.42,Egeria,1,,0,,0,,0,,0,,0,,7/8/2008,09:33:39am,37.81964846,-121.4998576
293,Egeria,1,,0,,0,,0,,0,,,,0.5,,No,,,0.34,Egeria,1,,0,,0,,0,,0,,0,,7/8/2008,09:39:51am,37.81979272,-121.4809241
294,Egeria,0.5,Coontail,0,Watermilfoil,0,,0,,0,,0.5,,0.5,,No,,,0.42,Egeria,1,,0,,0,,0,,0,,0,,7/8/2008,10:13:20am,37.81934301,-121.5055278
295,Egeria,1,,0,,0,,0,,0,,,,0,,No,,,0.22,Egeria,1,,0,,0,,0,,0,,0,,7/8/2008,10:18:05am,37.81919878,-121.5192089
296,Egeria,1,,0,,0,,0,,0,,,,0,,No,,,0.42,Egeria,1,,0,,0,,0,,0,,0,,7/8/2008,10:24:25am,37.81883772,-121.5297359
297,Egeria,1,Watermilfoil,0,,0,,0,,0,,,,0,,No,,,0.29,Egeria,1,,0,,0,,0,,0,,0,,7/8/2008,10:29:24am,37.81882896,-121.5316811
298,Egeria,1,,0,,0,,0,,0,,,,0,,No,,,0.34,Egeria,1,,0,,0,,0,,0,,0,,7/8/2008,10:33:16am,37.81925957,-121.5341389
299,Egeria,1,Curlyleaf,0,Coontail,0,,0,,0,,,,0,,No,,,0.42,Egeria,1,,0,,0,,0,,0,,0,,7/8/2008,10:37:31am,37.81913794,-121.5452737
300,Egeria,0.9,Tule,0.1,,0,,0,,0,,,,0,,No,,,0.42,Egeria,1,,0,,0,,0,,0,,0,,7/8/2008,10:45:26am,37.82296165,-121.5529778
301,Coontail,0.4,Curlyleaf,0.3,Watermilfoil,0.1,Duckweed,0.1,Egeria,0.1,,,,,,No,,,0.36,Watermilfoil,0.9,Curlyleaf,0.1,,0,,0,,0,,0,,7/8/2008,10:49:47am,37.82559312,-121.5503461
302,Sago,0.7,Egeria,0.1,Curlyleaf,0,Coontail,0,,0,,0.2,,,,No,,,0.34,Sago,1,,0,,0,,0,,0,,0,,7/8/2008,11:28:46am,37.82846101,-121.5518215
303,Sago,0.5,,0,,0,,0,,0,,0.5,,,,No,,,0.03,Sago,1,,0,,0,,0,,0,,0,,7/7/2008,08:28:55am,37.91617296,-121.5705203
304,Coontail,0.3,,0,,0,,0,,0,,0.7,,,2.5,No,,,0.42,Coontail,1,,0,,0,,0,,0,,0,sample 2,7/7/2008,09:24:23am,37.94458233,-121.5596205
305,Coontail,0.4,,0,,0,,0,,0,,0.6,,,2.5,No,,,0.00,,0,,0,,0,,0,,0,,0,,7/7/2008,12:16:07pm,37.97169974,-121.5888214
306,Coontail,0.4,Egeria,0,,0,,0,,0,,0.6,,,2.5,No,,,0.42,Coontail,0.95,Egeria,0.05,,0,,0,,0,,0,sample 4,7/7/2008,12:31:31pm,37.96476926,-121.6012178
307,Coontail,0.4,Egeria,0,,0,,0,,0,,0.6,,0,2.75,No,,,0.36,Coontail,0.95,Egeria,0.05,,0,,0,,0,,0,sample 1,7/8/2008,08:10:43am,37.95396247,-121.603865
308,Sago,0.1,Coontail,0,Egeria,0,,0,,0,,0.9,,0,2.25,No,,,0.22,Coontail,0.6,Egeria,0.4,,0,,0,,0,,0,sample 2 m-  >10%sago,7/8/2008,09:28:32am,37.99866501,-121.6244777
309,Coontail,0.2,Egeria,0,,0,,0,,0,,0.8,,,3.5,No,,,0.09,Egeria,1,,0,,0,,0,,0,,0,,7/8/2008,11:26:42am,38.00949475,-121.5520375
310,Coontail,0.6,Egeria,0,,0,,0,,0,,0.4,,0,3,No,,,0.42,Coontail,0.95,Egeria,0.05,,0,,0,,0,,0,sample 3 - white bag,7/8/2008,12:11:18pm,37.97636345,-121.6123276
311,Coontail,0.2,Tule,0.1,Egeria,0,Algae,0,,0,,0.7,,0.5,3.5,No,,,0.42,Egeria,0.95,Algae,0.05,,0,,0,,0,,0,sample 5,7/8/2008,01:00:13pm,37.9024661,-121.5706751
312,Egeria,0.7,Tule,0.1,,0,,0,,0,,0.2,,0,,No,,,0.38,Egeria,1,,0,,0,,0,,0,,0,sample 6,7/8/2008,01:07:52pm,37.89708451,-121.5665061
313,Egeria,0.8,Coontail,0,Algae,0,,0,,0,,0.2,,0,,No,,,0.42,Egeria,0.9,Coontail,0.05,Algae,0.05,,0,,0,,0,sample 7,7/8/2008,01:29:45pm,37.87035777,-121.5801461
315,Egeria,0.8,Watermilfoil,0.2,,0,,0,,0,,,,0.25,,No,,,0.42,Egeria,1,,0,,0,,0,,0,,0,,7/14/2008,09:08:53am,37.85671292,-121.5631503
316,Egeria,1,,0,,0,,0,,0,,,,0,,No,,,0.42,Egeria,1,,0,,0,,0,,0,,0,,7/14/2008,09:19:16am,37.85816274,-121.5581443
317,Egeria,0.9,Watermilfoil,0.1,,0,,0,,0,,,,0,,No,,,0.34,Egeria,1,,0,,0,,0,,0,,0,,7/14/2008,09:25:28am,37.85951985,-121.5543856
318,Curlyleaf,0.8,Egeria,0.2,Watermilfoil,0,,0,,0,,,,0,,No,,,0.42,Egeria,0.9,Curlyleaf,0.1,,0,,0,,0,,0,,7/14/2008,09:36:29am,37.86011647,-121.5516562
319,Egeria,0.8,Curlyleaf,0.2,Coontail,0,,0,,0,,,,0,,No,,,0.28,Egeria,0.6,Curlyleaf,0.4,,0,,0,,0,,0,,7/14/2008,09:44:29am,37.85760556,-121.5500873
320,Egeria,0.9,Coontail,0.1,,0,,0,,0,,,,0,,No,,,0.42,Egeria,1,,0,,0,,0,,0,,0,,7/14/2008,09:52:43am,37.85496122,-121.5485457
321,Egeria,1,Coontail,0,,0,,0,,0,,,,0,,No,,,0.34,Egeria,1,,0,,0,,0,,0,,0,,7/14/2008,09:58:25am,37.85441684,-121.5486597
323,Egeria,0.8,Coontail,0.1,Watermilfoil,0.1,,0,,0,,,,0,,No,,,0.42,Egeria,0.9,Coontail,0.05,Watermilfoil,0.05,,0,,0,,0,,7/14/2008,10:10:22am,37.85032596,-121.5411379
324,Egeria,0.5,Coontail,0.2,Algae,0.2,Azolla,0.1,,0,,,,,,No,,,0.42,Egeria,0.8,Coontail,0.2,,0,,0,,0,,0,,7/14/2008,10:16:39am,37.85304702,-121.5414731
325,Watermilfoil,0.6,Egeria,0.2,Curlyleaf,0.2,Coontail,0,Sago,0,,,,0,,No,,,0.42,Egeria,0.5,Curlyleaf,0.5,Watermilfoil,0,,0,,0,,0,,7/14/2008,10:27:21am,37.84787481,-121.5398716
326,Egeria,0.6,Algae,0.4,Coontail,0,,0,,0,,,,0.5,,No,,,0.22,Egeria,0.8,Algae,0.2,,0,,0,,0,,0,,7/14/2008,10:32:09am,37.84689898,-121.5379698
327,Egeria,1,,0,,0,,0,,0,,,,0,,No,,,0.42,Egeria,1,,0,,0,,0,,0,,0,,7/14/2008,10:42:39am,37.84113771,-121.5381188
328,Egeria,0.5,Curlyleaf,0.4,Watermilfoil,0.1,Coontail,0,,0,,,,0,,No,,,0.42,Egeria,1,,0,,0,,0,,0,,0,,7/14/2008,10:46:46am,37.84087983,-121.5377323
329,Egeria,1,Tule,0,,0,,0,,0,,,,0,,No,,,0.42,Egeria,1,,0,,0,,0,,0,,0,,7/14/2008,10:58:27am,37.8303078,-121.55085
330,Curlyleaf,0.8,Coontail,0.2,Egeria,0,,0,,0,,,,0,,No,,,0.42,Curlyleaf,1,,0,,0,,0,,0,,0,,7/14/2008,11:02:49am,37.8308889,-121.5512364
332,Egeria,0.3,Coontail,0.2,,0,,0,,0,,0.5,,0.5,,No,,,0.00,,0,,0,,0,,0,,0,,0,,7/14/2008,12:08:46pm,37.85740174,-121.5673708
333,Coontail,0.6,Egeria,0.2,,0,,0,,0,,0.2,,0.25,,No,,,0.31,Coontail,0.8,Egeria,0.2,,0,,0,,0,,0,,7/14/2008,12:12:19pm,37.8574119,-121.5697385
334,Curlyleaf,0.6,Coontail,0.3,Am_pondweed,0.1,Egeria,0,Sago,0,,,,0,,No,,,0.38,Curlyleaf,0.3,Coontail,0.3,Egeria,0.3,Am_pondweed,0.1,,0,,0,,7/14/2008,12:18:32pm,37.85867473,-121.5694948
335,Egeria,0.6,Algae,0.4,,0,,0,,0,,,,,,No,,,0.42,Egeria,0.8,Algae,0.2,,0,,0,,0,,0,,7/14/2008,12:28:10pm,37.86050567,-121.575509
336,Egeria,1,,0,,0,,0,,0,,,1,0.25,,No,,,0.00,,0,,0,,0,,0,,0,,0,entire island full,7/14/2008,12:32:17pm,37.86140168,-121.5743971
337,Egeria,0.6,Algae,0.3,Coontail,0.1,,0,,0,,,,0,,No,,,0.42,Egeria,0.7,Algae,0.3,,0,,0,,0,,0,,7/14/2008,12:46:05pm,37.85773448,-121.5839012
338,Egeria,0.8,Coontail,0.2,Watermilfoil,0,,0,,0,,,,0,,No,,,0.42,Egeria,0.9,Coontail,0.1,,0,,0,,0,,0,,7/14/2008,12:50:04pm,37.85769507,-121.5831635
339,Egeria,1,,0,,0,,0,,0,,,,0,,No,,,0.42,Egeria,1,,0,,0,,0,,0,,0,,7/14/2008,01:03:03pm,37.84636524,-121.5915082
340,Egeria,0.4,Coontail,0.4,,0,,0,,0,,0.2,,0,,No,,,0.42,Egeria,0.4,Coontail,0.6,,0,,0,,0,,0,,7/14/2008,10:42:48am,37.91409308,-121.5438975
341,Curlyleaf,0.5,Egeria,0.2,Coontail,0.1,Coontail,0.2,,0,,,,,,No,,,0.34,Curlyleaf,0.9,Coontail,0.05,Egeria,0.05,,0,,0,,0,sample  2,7/14/2008,10:52:11am,37.91312013,-121.5391262
342,Curlyleaf,0.6,Coontail,0.4,Egeria,0.1,,0,,0,,,,,,No,,,0.36,Curlyleaf,0.7,Coontail,0.3,,0,,0,,0,,0,sample 3,7/14/2008,11:02:02am,37.91362422,-121.5285428
343,Curlyleaf,0.7,Coontail,0.1,Egeria,0,Algae,0,,0,,0.2,,,,No,,,0.40,Curlyleaf,0.85,Egeria,0.05,Coontail,0.05,Algae,0.05,,0,,0,sample 4,7/14/2008,11:08:40am,37.9142896,-121.5217353
344,Curlyleaf,0.8,Egeria,0.1,Coontail,0.1,Algae,0,,0,,,,0,,No,,,0.42,Curlyleaf,0.8,Egeria,0.1,Coontail,0.05,Algae,0.05,,0,,0,sample 5,7/14/2008,11:14:53am,37.91365113,-121.5203642
345,Egeria,0.1,,0,,0,,0,,0,,0.9,,0,2,Yes,,,0.00,,0,,0,,0,,0,,0,,0,,7/14/2008,11:34:02am,37.94025693,-121.5553082
346,Egeria,0.1,,0,,0,,0,,0,,0.9,,0.25,4,No,,,0.19,Egeria,1,,0,,0,,0,,0,,0,sample 6,7/14/2008,11:38:43am,37.94084958,-121.547572
347,Elodea,0.9,Egeria,0.1,,0,,0,,0,,,,0,,No,,,0.42,Elodea,1,,0,,0,,0,,0,,0,sample 1,7/14/2008,08:21:33am,38.04816192,-121.7057522
348,Egeria,0.3,Elodea,0.3,Coontail,0.2,Watermilfoil,0.2,Curlyleaf,0,,,,0,,No,,,0.42,Elodea,0.6,Egeria,0.3,Curlyleaf,0.1,Coontail,0.1,,0,,0,,7/14/2008,08:31:30am,38.0529832,-121.6958978
349,Egeria,0.1,Coontail,0,,0,,0,,0,,0.9,,0,,No,,,0.20,Coontail,1,,0,,0,,0,,0,,0,sample 2,7/14/2008,10:13:29am,37.94013984,-121.555385
350,Egeria,0.4,Curlyleaf,0.1,,0,,0,,0,,0.5,,0,,No,,,0.22,Egeria,1,,0,,0,,0,,0,,0,sample 3,7/14/2008,10:19:11am,37.9408855,-121.547494
351,Curlyleaf,0.3,Coontail,0.3,Egeria,0.1,,0,,0,,0.3,,0,,No,,,0.42,Curlyleaf,1,,0,,0,,0,,0,,0,,7/14/2008,10:26:12am,37.94019651,-121.5425196
352,Curlyleaf,0.6,Coontail,0.2,Sago,0.2,Egeria,0,,0,,,,0,,No,,,0.38,Curlyleaf,0.4,Sago,0.3,Egeria,0.2,Coontail,0.1,,0,,0,sample 4,7/14/2008,10:36:22am,37.94035192,-121.5318149
353,Curlyleaf,0.4,Sago,0.2,Watermilfoil,0.2,,0,,0,,,0.2,0,,No,,,0.38,Curlyleaf,1,,0,,0,,0,,0,,0,sample 5,7/14/2008,11:04:24am,37.94876335,-121.5308941
354,Curlyleaf,0.8,Egeria,0.1,Coontail,0.1,,0,,0,,,,0,,No,,,0.42,Curlyleaf,0.9,Egeria,0.1,,0,,0,,0,,0,no picture,7/14/2008,11:12:24am,37.94823168,-121.5337237
355,Curlyleaf,0.9,Egeria,0.1,Coontail,0,Elodea,0,,0,,,,0,,No,,,0.42,Egeria,0.4,Curlyleaf,0.3,Coontail,0.2,Elodea,0.1,,0,,0,,7/14/2008,11:47:37am,37.94985872,-121.5326603
356,Coontail,0.2,Curlyleaf,0.2,Egeria,0,,0,,0,,0.6,,0,,No,,,0.42,Coontail,0.6,Egeria,0.4,,0,,0,,0,,0,,7/14/2008,11:52:56am,37.95569632,-121.5295086
357,Coontail,0.7,Egeria,0.2,,0,,0,,0,,,0.1,0,,No,,,0.42,Coontail,0.85,Algae,0.1,Egeria,0.05,,0,,0,,0,,7/14/2008,12:01:06pm,37.96308306,-121.5334926
358,Coontail,0.6,Egeria,0.2,Curlyleaf,0.2,,0,,0,,,,0,,No,,,0.42,Egeria,0.5,Coontail,0.5,,0,,0,,0,,0,,7/14/2008,12:08:19pm,37.96532785,-121.5315194
359,Egeria,1,,0,,0,,0,,0,,,,1,,No,,,0.42,Egeria,0,,0,,0,,0,,0,,0,no picture,7/14/2008,08:14:36am,37.93867522,-121.4351937
360,Egeria,0.5,Watermilfoil,0.3,,0,,0,,0,,0.2,,0.5,2.5,Yes,,,0.13,Egeria,1,,0,,0,,0,,0,,0,sample 1,7/14/2008,08:22:17am,37.93921586,-121.435858
361,Egeria,0.8,Coontail,0.2,,0,,0,,0,,,,1,2.5,Yes,,,0.42,Egeria,0.85,Coontail,0.15,,0,,0,,0,,0,sample 2,7/14/2008,08:36:44am,37.94849317,-121.4439893
362,Egeria,0.8,Watermilfoil,0.1,,0,,0,,0,,0.1,,0,,No,,,0.40,Egeria,1,,0,,0,,0,,0,,0,,7/14/2008,08:47:28am,37.94896599,-121.4459467
363,Egeria,1,,0,,0,,0,,0,,,,0,,No,,,0.42,Egeria,1,,0,,0,,0,,0,,0,,7/14/2008,08:53:50am,37.94969737,-121.447193
364,Egeria,0.6,Coontail,0.3,,0,,0,,0,,0.1,,0.5,3.5,No,,,0.42,Egeria,1,,0,,0,,0,,0,,0,,7/14/2008,09:07:04am,37.95900555,-121.4576193
365,Egeria,0.3,Coontail,0.2,,0,,0,,0,,0.5,,,,No,,,0.08,Egeria,0.7,Coontail,0.3,,0,,0,,0,,0,,7/14/2008,09:14:09am,37.96162633,-121.4606675
366,Egeria,0.9,Cabomba,0.1,,0,,0,,0,,,,0,,No,,,0.42,Egeria,1,,0,,0,,0,,0,,0,,7/14/2008,09:27:34am,37.96213207,-121.4664862
367,Egeria,0.6,Coontail,0.4,,0,,0,,0,,,,0,,No,,,0.42,Egeria,0.7,Coontail,0.3,,0,,0,,0,,0,,7/14/2008,09:56:04am,37.96497342,-121.4729928
368,Egeria,0.8,Coontail,0.2,,0,,0,,0,,,,0,2.5,No,,,0.42,Egeria,1,,0,,0,,0,,0,,0,,7/14/2008,10:06:44am,37.96982994,-121.4749672
369,Egeria,0.6,Coontail,0.3,Cabomba,0.1,,0,,0,,,,0,3,No,,,0.38,Egeria,0.95,Coontail,0.05,,0,,0,,0,,0,sample 3,7/14/2008,10:15:25am,37.97030206,-121.4734326
370,Egeria,0.8,Cabomba,0.1,Coontail,0.1,,0,,0,,,,0,,No,,,0.42,Egeria,0.95,Cabomba,0.05,,0,,0,,0,,0,,7/14/2008,10:36:09am,37.9731456,-121.47538
371,Egeria,0.6,Coontail,0.2,Watermilfoil,0.2,,0,,0,,,,0,2.5,Yes,,,0.42,Egeria,1,,0,,0,,0,,0,,0,,7/14/2008,10:47:09am,37.97779079,-121.4755075
372,Egeria,0.7,Coontail,0.2,Tule,0.1,,0,,0,,,,0,2,Yes,,,0.42,Egeria,0.95,Coontail,0.05,,0,,0,,0,,0,,7/14/2008,11:57:29am,37.9853826,-121.4691359
373,Egeria,0.4,Coontail,0.2,,0,,0,,0,,0.4,,0,2.25,No,,,0.42,Egeria,0.95,,0,,0,,0,,0,,0,sample 4,7/14/2008,12:07:17pm,37.98839653,-121.4647118
